country,postal_code,municipality,latitude,longitude,population,year
swe,1440,Ale,57.841175,12.0292491,31402,2019
swe,1489,Alingsås,57.9300205,12.5362113,41420,2019
swe,765,Älmhult,56.5524461,14.1374047,17651,2019
swe,2039,Älvdalen,61.227306,14.0419871,7031,2019
swe,764,Alvesta,56.8992104,14.5560006,20134,2019
swe,319,Älvkarleby,60.5686067,17.4489129,9457,2019
swe,2560,Älvsbyn,65.6771363,20.9928658,8066,2019
swe,1492,Åmål,58.994944,12.463962,12610,2019
swe,604,Aneby,57.838521,14.8178022,6848,2019
swe,2260,Ånge,62.5228738,15.6589419,9316,2019
swe,1292,Ängelholm,56.245748,12.8638809,42476,2019
swe,1984,Arboga,59.3936883,15.8381748,14087,2019
swe,2321,Åre,60.128161,18.643501,11727,2019
swe,1765,Årjäng,59.3891592,12.132717,10070,2019
swe,2506,Arjeplog,66.0515051,17.8900542,2785,2019
swe,2505,Arvidsjaur,65.5920768,19.1802828,6220,2019
swe,1784,Arvika,59.6548534,12.592136,26045,2019
swe,2463,Åsele,64.1602339,17.3536149,2794,2019
swe,1882,Askersund,58.8894268,14.9109867,11377,2019
swe,1277,Åstorp,56.134262,12.945908,15940,2019
swe,561,Åtvidaberg,58.2007895,15.9976985,11503,2019
swe,2084,Avesta,60.14533,16.1738399,23178,2019
swe,1278,Båstad,56.4273888,12.8477217,15128,2019
swe,1460,Bengtsfors,59.028612,12.226943,9750,2019
swe,2326,Berg,62.923938,14.518695,7061,2019
swe,2403,Bjurholm,63.964237,18.979487,2408,2019
swe,1260,Bjuv,56.0871019,12.9125048,15715,2019
swe,2582,Boden,65.8251188,21.6887028,28080,2019
swe,1443,Bollebygd,57.6689691,12.5701433,9495,2019
swe,2183,Bollnäs,61.3483795,16.3942685,26888,2019
swe,1490,Borås,57.721035,12.939819,113179,2019
swe,885,Borgholm,56.8802297,16.6562355,10839,2019
swe,2081,Borlänge,60.484304,15.433969,52590,2019
swe,127,Botkyrka,59.1448381,17.8406582,94606,2019
swe,560,Boxholm,58.1970987,15.0537794,5476,2019
swe,2305,Bräcke,62.752127,15.41987,6298,2019
swe,1272,Bromölla,56.0743618,14.477659,12870,2019
swe,1231,Burlöv,55.6319129,13.096379,19112,2019
swe,1438,Dals-Ed,58.9743879,11.8651749,4813,2019
swe,162,Danderyd,59.4058934,18.0258329,32857,2019
swe,1862,Degerfors,59.2391027,14.4339179,9666,2019
swe,2425,Dorotea,64.2617939,16.4152338,2551,2019
swe,1730,Eda,59.7924965,12.1107408,8564,2019
swe,125,Ekerö,59.359052,17.6694942,28690,2019
swe,686,Eksjö,57.6651652,14.9732214,17753,2019
swe,862,Emmaboda,56.6306855,15.540006,9445,2019
swe,381,Enköping,58.410807,15.6213728,45287,2019
swe,484,Eskilstuna,59.3712486,16.5098046,106859,2019
swe,1285,Eslöv,55.8391198,13.3033914,33793,2019
swe,1445,Essunga,58.1677312,12.7589933,5654,2019
swe,1982,Fagersta,59.989144,15.8166418,13391,2019
swe,1382,Falkenberg,56.9027333,12.4888013,45367,2019
swe,1499,Falköping,58.175029,13.553217,33246,2019
swe,2080,Falun,60.60646,15.6355,59406,2019
swe,1439,Färgelanda,58.567559,11.994926,6637,2019
swe,1782,Filipstad,59.7139973,14.1698445,10644,2019
swe,562,Finspång,58.7074884,15.773595,21912,2019
swe,482,Flen,59.0579376,16.5879122,16585,2019
swe,1763,Forshaga,59.5297605,13.4860836,11499,2019
swe,2026,Gagnef,60.456683,14.727251,10304,2019
swe,2523,Gällivare,67.1379,20.6593618,17529,2019
swe,2180,Gävle,60.6748796,17.1412726,102418,2019
swe,662,Gislaved,57.2985,13.54326,29963,2019
swe,461,Gnesta,59.0483483,17.3072277,11365,2019
swe,617,Gnosjö,57.6530355,14.6967247,9712,2019
swe,1480,Göteborg,57.70887,11.97456,579281,2019
swe,1471,Götene,58.528002,13.491428,13207,2019
swe,980,Gotland,57.4684121,18.4867447,59686,2019
swe,1444,Grästorp,58.314155,12.686207,5693,2019
swe,1764,Grums,59.3531787,13.111732,9047,2019
swe,1447,Gullspång,58.985467,14.096623,5280,2019
swe,643,Habo,57.9093094,14.0743665,12433,2019
swe,305,Håbo,57.9093094,14.0743665,21934,2019
swe,1783,Hagfors,60.03437,13.694508,11606,2019
swe,1863,Hällefors,59.783688,14.5225692,7013,2019
swe,1861,Hallsberg,59.0665316,15.10229,15932,2019
swe,1961,Hallstahammar,59.6132041,16.2294755,16346,2019
swe,1380,Halmstad,56.6743748,12.8577885,102767,2019
swe,1761,Hammarö,59.311466,13.5298543,16568,2019
swe,136,Haninge,59.133518,18.405239,92095,2019
swe,2583,Haparanda,65.8417085,24.1276643,9685,2019
swe,2361,Härjedalen,62.3693406,13.4079714,10090,2019
swe,2280,Härnösand,62.6322698,17.9408714,25183,2019
swe,1401,Härryda,57.660155,12.2915063,37977,2019
swe,1293,Hässleholm,56.1589145,13.7667654,52145,2019
swe,331,Heby,59.9396372,16.8587589,14047,2019
swe,2083,Hedemora,60.2775453,15.985892,15491,2019
swe,1283,Helsingborg,56.0464674,12.6945121,147734,2019
swe,1466,Herrljunga,58.0780287,13.0188387,9464,2019
swe,1497,Hjo,58.3070702,14.2874663,9210,2019
swe,2104,Hofors,60.54595,16.2841,9588,2019
swe,1284,Höganäs,56.2006388,12.5553287,26942,2019
swe,821,Högsby,57.172604,16.020619,5921,2019
swe,1267,Höör,55.9348588,13.5395904,16713,2019
swe,1266,Hörby,55.8396104,13.7238934,15631,2019
swe,126,Huddinge,59.2097726,18.052167,112848,2019
swe,2184,Hudiksvall,61.7273909,17.107401,37607,2019
swe,860,Hultsfred,57.49484,15.8416513,14224,2019
swe,1315,Hylte,56.9773129,13.3387659,10815,2019
swe,123,Järfälla,59.4252654,17.8238965,79990,2019
swe,2510,Jokkmokk,66.6069609,19.8229207,4923,2019
swe,680,Jönköping,57.7826137,14.1617876,141081,2019
swe,2514,Kalix,65.8552807,23.1439651,15886,2019
swe,880,Kalmar,56.6634447,16.3567791,69467,2019
swe,1446,Karlsborg,58.5947122,14.4080276,6940,2019
swe,1082,Karlshamn,56.170303,14.863073,32473,2019
swe,1883,Karlskoga,59.328634,14.536414,30381,2019
swe,1080,Karlskrona,56.161224,15.5869001,66622,2019
swe,1780,Karlstad,59.4021806,13.5114978,93898,2019
swe,483,Katrineholm,58.9955511,16.2054756,34755,2019
swe,1261,Kävlinge,55.7939999,13.1104293,31705,2019
swe,1715,Kil,59.5036802,13.3170477,12087,2019
swe,513,Kinda,57.9975708,15.6852234,9940,2019
swe,2584,Kiruna,67.8557995,20.225282,22867,2019
swe,1276,Klippan,56.1348998,13.1290409,17756,2019
swe,330,Knivsta,59.7261195,17.7920363,18835,2019
swe,1983,Köping,59.5120962,15.9945102,26214,2019
swe,2282,Kramfors,62.9284332,17.7862946,18282,2019
swe,1290,Kristianstad,56.0293936,14.1566779,85747,2019
swe,1781,Kristinehamn,59.3100677,14.1089193,24255,2019
swe,2309,Krokom,63.3262424,14.4486543,14966,2019
swe,1881,Kumla,59.1265359,15.1401052,21738,2019
swe,1482,Kungälv,57.869754,11.9740317,46336,2019
swe,1384,Kungsbacka,57.4874919,12.0761928,84395,2019
swe,1960,Kungsör,59.422397,16.0977859,8675,2019
swe,1381,Laholm,56.5057557,13.0456048,25903,2019
swe,1282,Landskrona,55.8703477,12.8300802,46090,2019
swe,1860,Laxå,58.98269,14.62289,5683,2019
swe,1814,Lekeberg,59.1653904,14.7434069,8234,2019
swe,2029,Leksand,60.7303082,14.9998922,15807,2019
swe,1441,Lerum,57.7694839,12.2688196,42568,2019
swe,761,Lessebo,56.7512642,15.2700008,8733,2019
swe,186,Lidingö,59.36296,18.1468001,48123,2019
swe,1494,Lidköping,58.5035047,13.1570768,40089,2019
swe,1462,Lilla Edet,58.132158,12.1241336,14109,2019
swe,1885,Lindesberg,59.5976983,15.2229108,23588,2019
swe,580,Linköping,58.410807,15.6213728,163051,2019
swe,781,Ljungby,56.8338774,13.9410417,28521,2019
swe,2161,Ljusdal,61.8308392,16.0817502,18949,2019
swe,1864,Ljusnarsberg,59.9752934,14.8777794,4771,2019
swe,1262,Lomma,55.6731375,13.0674055,24834,2019
swe,2085,Ludvika,60.152358,15.1916391,26898,2019
swe,2580,Luleå,65.584819,22.1567026,78105,2019
swe,1281,Lund,55.7046601,13.1910073,124935,2019
swe,2481,Lycksele,64.5958098,18.6763669,12245,2019
swe,1484,Lysekil,58.275573,11.435558,14555,2019
swe,2418,Malå,65.238752,18.729258,3068,2019
swe,1280,Malmö,55.604981,13.003822,344166,2019
swe,2023,Malung-Sälen,60.9009256,13.3226181,10138,2019
swe,1493,Mariestad,58.7101119,13.8213327,24537,2019
swe,1463,Mark,57.4253176,12.5695216,34754,2019
swe,767,Markaryd,56.4617744,13.5962744,10320,2019
swe,1461,Mellerud,58.7025681,12.4518424,9310,2019
swe,586,Mjölby,58.3226908,15.1335348,27758,2019
swe,1481,Mölndal,57.65,12.0166669,69364,2019
swe,861,Mönsterås,57.0415797,16.4431199,13430,2019
swe,2062,Mora,61.004878,14.537003,20470,2019
swe,840,Mörbylånga,56.5237566,16.3869163,15249,2019
swe,583,Motala,58.5380335,15.0470936,43673,2019
swe,642,Mullsjö,57.9165989,13.8773175,7290,2019
swe,1430,Munkedal,58.4715051,11.6801923,10513,2019
swe,1762,Munkfors,59.8353475,13.5344147,3740,2019
swe,182,Nacka,59.3092328,18.2705343,105189,2019
swe,682,Nässjö,57.6530355,14.6967247,31538,2019
swe,1884,Nora,59.5192064,15.0378667,10726,2019
swe,1962,Norberg,60.065042,15.923796,5690,2019
swe,2132,Nordanstig,62.0366675,17.2052489,9477,2019
swe,2401,Nordmaling,63.5671062,19.5050215,7143,2019
swe,581,Norrköping,58.587745,16.192421,143171,2019
swe,188,Norrtälje,59.7595841,18.7013584,62622,2019
swe,2417,Norsjö,64.9135093,19.4826413,3986,2019
swe,881,Nybro,56.940257,15.913943,20318,2019
swe,480,Nyköping,58.7528439,17.0091593,56591,2019
swe,140,Nykvarn,59.178177,17.4278161,11014,2019
swe,192,Nynäshamn,58.902926,17.9465288,28575,2019
swe,2101,Ockelbo,60.891784,16.7201872,5908,2019
swe,1407,Öckerö,57.7047783,11.6453629,12916,2019
swe,509,Ödeshög,58.1873909,14.7014841,5337,2019
swe,1060,Olofström,56.277708,14.530938,13426,2019
swe,1880,Örebro,59.2752626,15.2134105,155696,2019
swe,1257,Örkelljunga,56.283635,13.278832,10280,2019
swe,2284,Örnsköldsvik,63.2900474,18.7166166,55998,2019
swe,2034,Orsa,61.1169365,14.6280708,6911,2019
swe,1421,Orust,58.1802671,11.6759839,15218,2019
swe,1273,Osby,56.3815355,13.9929413,13208,2019
swe,882,Oskarshamn,57.2656993,16.4473984,27102,2019
swe,117,Österåker,59.4804948,18.2902956,45574,2019
swe,2380,Östersund,63.1766832,14.6360681,63779,2019
swe,382,Östhammar,60.2593019,18.365341,22250,2019
swe,1256,Östra Göinge,56.2378773,14.2161662,15007,2019
swe,2121,Ovanåker,61.345719,16.000104,11670,2019
swe,2513,Överkalix,66.25963,22.820359,3315,2019
swe,2518,Övertorneå,66.3884435,23.639283,4299,2019
swe,481,Oxelösund,58.6754851,17.0749546,11983,2019
swe,2521,Pajala,67.212782,23.3673919,6052,2019
swe,1402,Partille,57.7335042,12.1301489,39289,2019
swe,1275,Perstorp,56.137972,13.3949863,7492,2019
swe,2581,Piteå,65.316698,21.4800363,42281,2019
swe,2303,Ragunda,63.1247063,16.3664898,5284,2019
swe,2031,Rättvik,60.889025,15.1233731,10950,2019
swe,2409,Robertsfors,64.191835,20.84891,6747,2019
swe,1081,Ronneby,56.210434,15.2760229,29633,2019
swe,1785,Säffle,59.132661,12.930107,15455,2019
swe,1981,Sala,59.9208594,16.606328,22894,2019
swe,128,Salem,59.20768,17.7742216,16750,2019
swe,2181,Sandviken,60.621607,16.7759179,39234,2019
swe,2082,Säter,60.34665,15.7479,11093,2019
swe,684,Sävsjö,57.3989958,14.6658136,11677,2019
swe,191,Sigtuna,59.6191463,17.7234191,48964,2019
swe,1291,Simrishamn,55.5573959,14.3489651,19174,2019
swe,1265,Sjöbo,55.634822,13.7033701,19226,2019
swe,1495,Skara,58.3860128,13.4393281,18837,2019
swe,2482,Skellefteå,64.750244,20.950917,72589,2019
swe,1904,Skinnskatteberg,59.8260558,15.6915186,4393,2019
swe,1496,Skövde,58.3902782,13.8461208,56366,2019
swe,1264,Skurup,55.48045,13.502349,15889,2019
swe,2061,Smedjebacken,60.1431933,15.4159915,10894,2019
swe,2182,Söderhamn,61.3055762,17.0628102,25643,2019
swe,582,Söderköping,58.4759013,16.3234307,14626,2019
swe,181,Södertälje,59.195363,17.625689,98979,2019
swe,2283,Sollefteå,63.1654065,17.277135,19140,2019
swe,163,Sollentuna,59.4541218,17.9242952,73857,2019
swe,184,Solna,59.3641968,18.0124231,82429,2019
swe,1083,Sölvesborg,56.0537433,14.5796878,17452,2019
swe,2422,Sorsele,65.5349378,17.5421752,2489,2019
swe,1427,Sotenäs,58.474747,11.318806,9061,2019
swe,1230,Staffanstorp,55.641065,13.212229,25396,2019
swe,1415,Stenungsund,58.0678388,11.8294345,26777,2019
swe,180,Stockholm,59.3293235,18.0685808,974073,2019
swe,1760,Storfors,59.5332079,14.2722085,4014,2019
swe,2421,Storuman,65.0956204,17.1122771,5852,2019
swe,486,Strängnäs,59.3774523,17.0321193,36544,2019
swe,1486,Strömstad,58.9383459,11.1791872,13218,2019
swe,2313,Strömsund,58.9383459,11.1791872,11605,2019
swe,183,Sundbyberg,59.3829282,17.9644707,52414,2019
swe,2281,Sundsvall,62.390811,17.306927,99449,2019
swe,1766,Sunne,59.8365575,13.1440464,13306,2019
swe,1907,Surahammar,59.7072262,16.2268408,10106,2019
swe,1214,Svalöv,55.9129296,13.1018168,14268,2019
swe,1263,Svedala,55.5089084,13.2371097,22229,2019
swe,1465,Svenljunga,57.4955715,13.1146225,10780,2019
swe,160,Täby,59.4419,18.0703298,71874,2019
swe,1435,Tanum,58.7327267,11.4578193,12841,2019
swe,1472,Tibro,58.424323,14.1616417,11240,2019
swe,1498,Tidaholm,58.1817692,13.9594737,12846,2019
swe,360,Tierp,60.3475866,17.5205087,21136,2019
swe,2262,Timrå,62.4854563,17.3248651,17979,2019
swe,763,Tingsryd,56.5247452,14.9785342,12393,2019
swe,1419,Tjörn,58.0410195,11.6836708,16016,2019
swe,1270,Tomelilla,55.54355,13.95484,13617,2019
swe,1473,Töreboda,58.7055092,14.1261468,9293,2019
swe,834,Torsås,56.397675,15.8807121,7125,2019
swe,1737,Torsby,60.1409072,13.0102132,11616,2019
swe,687,Tranås,58.035518,14.9756961,19003,2019
swe,1452,Tranemo,57.4855688,13.3524099,11936,2019
swe,1287,Trelleborg,55.3762427,13.1574232,45440,2019
swe,1488,Trollhättan,58.2834894,12.2858206,59058,2019
swe,488,Trosa,58.902655,17.5494637,13747,2019
swe,138,Tyresö,59.2340095,18.2964802,48333,2019
swe,1485,Uddevalla,58.3498003,11.935649,56703,2019
swe,1491,Ulricehamn,57.7947889,13.4205162,24668,2019
swe,2480,Umeå,63.8258471,20.2630354,128901,2019
swe,114,Upplands Väsby,59.51961,17.92834,46786,2019
swe,139,Upplands-Bro,59.5160329,17.6316646,29346,2019
swe,380,Uppsala,59.8585638,17.6389267,230767,2019
swe,760,Uppvidinge,57.0145748,15.3811739,9588,2019
swe,584,Vadstena,58.4476022,14.8902335,7428,2019
swe,665,Vaggeryd,57.4989621,14.1486297,14275,2019
swe,563,Valdemarsvik,58.2024514,16.6013625,7873,2019
swe,115,Vallentuna,59.5357,18.078017,34090,2019
swe,1487,Vänersborg,58.3797283,12.3248032,39591,2019
swe,2460,Vännäs,63.908007,19.752965,8872,2019
swe,2021,Vansbro,60.55,14.35,6805,2019
swe,1470,Vara,58.261781,12.9601941,16024,2019
swe,1383,Varberg,57.107118,12.2520907,64601,2019
swe,1442,Vårgårda,58.0323039,12.8089763,11810,2019
swe,120,Värmdö,59.3163663,18.446572,45000,2019
swe,683,Värnamo,57.1831605,14.0478214,34560,2019
swe,1980,Västerås,59.6099005,16.5448092,154049,2019
swe,883,Västervik,57.7577156,16.6369759,36679,2019
swe,187,Vaxholm,59.4032968,18.3263804,12003,2019
swe,780,Växjö,56.8790044,14.8058523,94129,2019
swe,1233,Vellinge,55.4708928,13.0199899,36628,2019
swe,685,Vetlanda,57.42746,15.08533,27466,2019
swe,2462,Vilhelmina,64.624471,16.655497,6668,2019
swe,884,Vimmerby,57.6690339,15.858857,15647,2019
swe,2404,Vindeln,64.2019528,19.7188702,5423,2019
swe,428,Vingåker,59.0433753,15.8709393,9111,2019
swe,512,Ydre,57.8595195,15.2973458,3747,2019
swe,1286,Ystad,55.4295051,13.8200308,30541,2019

